<?xml version="1.0" encoding="UTF-8"?>
<classpath>
	<classpathentry kind="src" path="Editor"/>
	<classpathentry excluding="Editor/|Sim/" kind="src" path=""/>
	<classpathentry kind="src" path="Sim"/>
	<classpathentry kind="con" path="org.eclipse.jdt.launching.JRE_CONTAINER"/>
	<classpathentry kind="lib" path="libs/j3d-core-1.3.1.jar"/>
	<classpathentry kind="lib" path="libs/j3dutils.jar"/>
	<classpathentry kind="lib" path="libs/vecmath.jar"/>
	<classpathentry kind="output" path="bin"/>
</classpath>
